Title,Link
,https://www.imdb.com/title/tt0420293/
,https://www.imdb.com/title/tt0077294/
,https://www.imdb.com/title/tt0110308/
,https://www.imdb.com/title/tt0051744/
,https://www.imdb.com/title/tt0085859/
,https://www.imdb.com/title/tt0328099/
,https://www.imdb.com/title/tt1533749/
,https://www.imdb.com/title/tt0110763/
,https://www.imdb.com/title/tt0092796/
,https://www.imdb.com/title/tt0083190/
,https://www.imdb.com/title/tt1849718/
,https://www.imdb.com/title/tt2011971/
,https://www.imdb.com/title/tt0337103/
,https://www.imdb.com/title/tt0402057/
,https://www.imdb.com/title/tt3253930/
,https://www.imdb.com/title/tt0072288/
,https://www.imdb.com/title/tt0097858/
,https://www.imdb.com/title/tt0100449/
,https://www.imdb.com/title/tt0315824/
,https://www.imdb.com/title/tt0115632/
,https://www.imdb.com/title/tt0115744/
,https://www.imdb.com/title/tt0479500/
,https://www.imdb.com/title/tt1810683/
,https://www.imdb.com/title/tt0036244/
,https://www.imdb.com/title/tt0117110/
,https://www.imdb.com/title/tt0087957/
,https://www.imdb.com/title/tt0075824/
,https://www.imdb.com/title/tt0131646/
,https://www.imdb.com/title/tt0291350/
,https://www.imdb.com/title/tt0116704/
,https://www.imdb.com/title/tt3014866/
,https://www.imdb.com/title/tt0064040/
,https://www.imdb.com/title/tt0435680/
,https://www.imdb.com/title/tt0075968/
,https://www.imdb.com/title/tt0113305/
,https://www.imdb.com/title/tt0090927/
,https://www.imdb.com/title/tt4094724/
,https://www.imdb.com/title/tt0236027/
,https://www.imdb.com/title/tt0120596/
,https://www.imdb.com/title/tt0253798/
,https://www.imdb.com/title/tt0462335/
,https://www.imdb.com/title/tt0265651/
,https://www.imdb.com/title/tt0158811/
,https://www.imdb.com/title/tt1766094/
,https://www.imdb.com/title/tt0110008/
,https://www.imdb.com/title/tt0155711/
,https://www.imdb.com/title/tt0134983/
,https://www.imdb.com/title/tt0462338/
,https://www.imdb.com/title/tt1389127/
,https://www.imdb.com/title/tt2490326/
,https://www.imdb.com/title/tt0082933/
,https://www.imdb.com/title/tt0101698/
,https://www.imdb.com/title/tt0424227/
,https://www.imdb.com/title/tt0070016/
,https://www.imdb.com/title/tt1294213/
,https://www.imdb.com/title/tt0042804/
,https://www.imdb.com/title/tt0022286/
,https://www.imdb.com/title/tt2172935/
,https://www.imdb.com/title/tt0389957/
,https://www.imdb.com/title/tt1808223/
,https://www.imdb.com/title/tt0108188/
,https://www.imdb.com/title/tt0120662/
,https://www.imdb.com/title/tt0055830/
,https://www.imdb.com/title/tt0470055/
,https://www.imdb.com/title/tt0220099/
,https://www.imdb.com/title/tt0108265/
,https://www.imdb.com/title/tt0053168/
,https://www.imdb.com/title/tt0112857/
,https://www.imdb.com/title/tt0280030/
,https://www.imdb.com/title/tt0369060/
,https://www.imdb.com/title/tt2788716/
,https://www.imdb.com/title/tt2212008/
,https://www.imdb.com/title/tt0077355/
,https://www.imdb.com/title/tt2438644/
,https://www.imdb.com/title/tt0396184/
,https://www.imdb.com/title/tt3824458/
,https://www.imdb.com/title/tt0071141/
,https://www.imdb.com/title/tt0462244/
,https://www.imdb.com/title/tt0110631/
,https://www.imdb.com/title/tt0077594/
,https://www.imdb.com/title/tt0094606/
,https://www.imdb.com/title/tt0186975/
,https://www.imdb.com/title/tt0425333/
,https://www.imdb.com/title/tt0923811/
,https://www.imdb.com/title/tt1322930/
,https://www.imdb.com/title/tt2923316/
,https://www.imdb.com/title/tt0063759/
,https://www.imdb.com/title/tt0783238/
,https://www.imdb.com/title/tt0094027/
,https://www.imdb.com/title/tt1698648/
,https://www.imdb.com/title/tt0085154/
,https://www.imdb.com/title/tt1032819/
,https://www.imdb.com/title/tt0488414/
,https://www.imdb.com/title/tt0116790/
,https://www.imdb.com/title/tt0117119/
,https://www.imdb.com/title/tt0104299/
,https://www.imdb.com/title/tt0056241/
,https://www.imdb.com/title/tt0016220/
,https://www.imdb.com/title/tt0120514/
,https://www.imdb.com/title/tt1911662/
,https://www.imdb.com/title/tt0100530/
,https://www.imdb.com/title/tt0098320/
,https://www.imdb.com/title/tt3480796/
,https://www.imdb.com/title/tt0117958/
,https://www.imdb.com/title/tt0253614/
,https://www.imdb.com/title/tt0082783/
,https://www.imdb.com/title/tt0051411/
,https://www.imdb.com/title/tt0118055/
,https://www.imdb.com/title/tt1545759/
,https://www.imdb.com/title/tt0418832/
,https://www.imdb.com/title/tt0047677/
,https://www.imdb.com/title/tt4009460/
,https://www.imdb.com/title/tt0106453/
,https://www.imdb.com/title/tt0110687/
,https://www.imdb.com/title/tt1975249/
,https://www.imdb.com/title/tt1230385/
,https://www.imdb.com/title/tt2675914/
,https://www.imdb.com/title/tt1119191/
,https://www.imdb.com/title/tt1780798/
,https://www.imdb.com/title/tt1981107/
,https://www.imdb.com/title/tt0810823/
,https://www.imdb.com/title/tt2265534/
,https://www.imdb.com/title/tt0070643/
,https://www.imdb.com/title/tt0058888/
,https://www.imdb.com/title/tt0054130/
,https://www.imdb.com/title/tt0096870/
,https://www.imdb.com/title/tt0016847/
,https://www.imdb.com/title/tt1954701/
,https://www.imdb.com/title/tt0162973/
,https://www.imdb.com/title/tt0087727/
,https://www.imdb.com/title/tt0313670/
,https://www.imdb.com/title/tt0064603/
,https://www.imdb.com/title/tt3479316/
,https://www.imdb.com/title/tt0376108/
,https://www.imdb.com/title/tt0119670/
,https://www.imdb.com/title/tt0078243/
,https://www.imdb.com/title/tt0488798/
,https://www.imdb.com/title/tt0077578/
,https://www.imdb.com/title/tt0235060/
,https://www.imdb.com/title/tt0055572/
,https://www.imdb.com/title/tt1673697/
,https://www.imdb.com/title/tt0349047/
,https://www.imdb.com/title/tt2032557/
,https://www.imdb.com/title/tt3449292/
,https://www.imdb.com/title/tt0114496/
,https://www.imdb.com/title/tt0108539/
,https://www.imdb.com/title/tt0110759/
,https://www.imdb.com/title/tt0092605/
,https://www.imdb.com/title/tt0024844/
,https://www.imdb.com/title/tt0422093/
,https://www.imdb.com/title/tt0420293/
,https://www.imdb.com/title/tt0077294/
,https://www.imdb.com/title/tt0110308/
,https://www.imdb.com/title/tt0051744/
,https://www.imdb.com/title/tt0085859/
,https://www.imdb.com/title/tt0328099/
,https://www.imdb.com/title/tt1533749/
,https://www.imdb.com/title/tt0110763/
,https://www.imdb.com/title/tt0092796/
,https://www.imdb.com/title/tt0083190/
,https://www.imdb.com/title/tt1849718/
,https://www.imdb.com/title/tt2011971/
,https://www.imdb.com/title/tt0337103/
,https://www.imdb.com/title/tt0402057/
,https://www.imdb.com/title/tt3253930/
,https://www.imdb.com/title/tt0072288/
,https://www.imdb.com/title/tt0097858/
,https://www.imdb.com/title/tt0100449/
,https://www.imdb.com/title/tt0315824/
,https://www.imdb.com/title/tt0115632/
,https://www.imdb.com/title/tt0115744/
,https://www.imdb.com/title/tt0479500/
,https://www.imdb.com/title/tt1810683/
,https://www.imdb.com/title/tt0036244/
,https://www.imdb.com/title/tt0117110/
,https://www.imdb.com/title/tt0087957/
,https://www.imdb.com/title/tt0075824/
,https://www.imdb.com/title/tt0131646/
,https://www.imdb.com/title/tt0291350/
,https://www.imdb.com/title/tt0116704/
,https://www.imdb.com/title/tt3014866/
,https://www.imdb.com/title/tt0064040/
,https://www.imdb.com/title/tt0435680/
,https://www.imdb.com/title/tt0075968/
,https://www.imdb.com/title/tt0113305/
,https://www.imdb.com/title/tt0090927/
,https://www.imdb.com/title/tt4094724/
,https://www.imdb.com/title/tt0236027/
,https://www.imdb.com/title/tt0120596/
,https://www.imdb.com/title/tt0253798/
,https://www.imdb.com/title/tt0462335/
,https://www.imdb.com/title/tt0265651/
,https://www.imdb.com/title/tt0158811/
,https://www.imdb.com/title/tt1766094/
,https://www.imdb.com/title/tt0110008/
,https://www.imdb.com/title/tt0155711/
,https://www.imdb.com/title/tt0134983/
,https://www.imdb.com/title/tt0462338/
,https://www.imdb.com/title/tt1389127/
,https://www.imdb.com/title/tt2490326/
,https://www.imdb.com/title/tt0420293/
,https://www.imdb.com/title/tt0077294/
,https://www.imdb.com/title/tt0110308/
,https://www.imdb.com/title/tt0051744/
,https://www.imdb.com/title/tt0085859/
,https://www.imdb.com/title/tt0328099/
,https://www.imdb.com/title/tt1533749/
,https://www.imdb.com/title/tt0110763/
,https://www.imdb.com/title/tt0092796/
,https://www.imdb.com/title/tt0083190/
,https://www.imdb.com/title/tt1849718/
,https://www.imdb.com/title/tt2011971/
,https://www.imdb.com/title/tt0337103/
,https://www.imdb.com/title/tt0402057/
,https://www.imdb.com/title/tt3253930/
,https://www.imdb.com/title/tt0072288/
,https://www.imdb.com/title/tt0097858/
,https://www.imdb.com/title/tt0100449/
,https://www.imdb.com/title/tt0315824/
,https://www.imdb.com/title/tt0115632/
,https://www.imdb.com/title/tt0115744/
,https://www.imdb.com/title/tt0479500/
,https://www.imdb.com/title/tt1810683/
,https://www.imdb.com/title/tt0036244/
,https://www.imdb.com/title/tt0117110/
,https://www.imdb.com/title/tt0087957/
,https://www.imdb.com/title/tt0075824/
,https://www.imdb.com/title/tt0131646/
,https://www.imdb.com/title/tt0291350/
,https://www.imdb.com/title/tt0116704/
,https://www.imdb.com/title/tt3014866/
,https://www.imdb.com/title/tt0064040/
,https://www.imdb.com/title/tt0435680/
,https://www.imdb.com/title/tt0075968/
,https://www.imdb.com/title/tt0113305/
,https://www.imdb.com/title/tt0090927/
,https://www.imdb.com/title/tt4094724/
,https://www.imdb.com/title/tt0236027/
,https://www.imdb.com/title/tt0120596/
,https://www.imdb.com/title/tt0253798/
,https://www.imdb.com/title/tt0462335/
,https://www.imdb.com/title/tt0265651/
,https://www.imdb.com/title/tt0158811/
,https://www.imdb.com/title/tt1766094/
,https://www.imdb.com/title/tt0110008/
,https://www.imdb.com/title/tt0155711/
,https://www.imdb.com/title/tt0134983/
,https://www.imdb.com/title/tt0462338/
,https://www.imdb.com/title/tt1389127/
,https://www.imdb.com/title/tt2490326/
